"0","# ƒê·ªãnh nghƒ©a m√¥ h√¨nh Random Forest"
"0","rf_model_spec <- rand_forest("
"0","  mtry = tune(),"
"0","  trees = tune(),"
"0","  min_n = tune()"
"0",") %>%"
"0","  set_engine(""randomForest"") %>%"
"0","  set_mode(""classification"")"
"0",""
"0","# T·∫°o l∆∞·ªõi tham s·ªë"
"0","num_features <- length(all_numeric_predictors() %>% "
"0","                       select(train_data_original, .) %>% "
"0","                       names()) + "
"0","                length(all_nominal_predictors() %>% "
"0","                       select(train_data_original, .) %>% "
"0","                       names()) * 2 # Gi·∫£ s·ª≠ m·ªói bi·∫øn ph√¢n lo·∫°i t·∫°o 2 dummy variables"
"2","Warning :[38;5;232mUsing an external vector in selections was deprecated in tidyselect 1.1.0.
[36m‚Ñπ[38;5;232m Please use `all_of()` or `any_of()` instead.
  # Was:
  data %>% select(.)

  # Now:
  data %>% select(all_of(.))

See <https://tidyselect.r-lib.org/reference/faq-external-vector.html>.
[90mThis warning is displayed once every 8 hours.[38;5;232m
[90mCall `lifecycle::last_lifecycle_]8;;ide:run:warnings()warnings()]8;;` to see where this warning was generated.[38;5;232m[39m
"
"0","mtry_low <- max(1, floor(sqrt(num_features)))"
"0","mtry_high <- min(num_features, floor(sqrt(num_features) * 1.5))"
"0",""
"0","rf_grid <- grid_regular("
"0","  mtry(range = c(mtry_low, mtry_high)),"
"0","  trees(range = c(500L, 1000L)),"
"0","  min_n(range = c(5L, 15L)),"
"0","  levels = c(mtry = 2, trees = 2, min_n = 2)"
"0",")"
"0",""
"0","# Workflow cho Random Forest"
"0","rf_workflow <- workflow() %>%"
"0","  add_model(rf_model_spec) %>%"
"0","  add_recipe(main_recipe)"
"0",""
"0","# Tinh ch·ªânh v·ªõi Grid Search"
"0","set.seed(123)"
"0","rf_tune_results <- tune_grid("
"0","  rf_workflow,"
"0","  resamples = cv_folds,"
"0","  grid = rf_grid,"
"0","  metrics = metric_set(roc_auc),"
"0","  control = control_grid(save_pred = TRUE, verbose = TRUE)"
"0",")"
"2","G3;[34mi[39m [30mFold1: preprocessor 1/1[39m
g"
"2","G3;[32m‚úì[39m [30mFold1: preprocessor 1/1[39m
g"
"2","G3;[34mi[39m [30mFold1: preprocessor 1/1, model 1/8[39m
g"
"2","G3;[33m![39m [33mFold1: preprocessor 1/1, model 1/8: invalid mtry: reset to within valid range[39m
g"
"2","G3;[32m‚úì[39m [30mFold1: preprocessor 1/1, model 1/8[39m
g"
"2","G3;[34mi[39m [30mFold1: preprocessor 1/1, model 1/8 (extracts)[39m
g"
"2","G3;[34mi[39m [30mFold1: preprocessor 1/1, model 1/8 (predictions)[39m
g"
"2","G3;[34mi[39m [30mFold1: preprocessor 1/1, model 2/8[39m
g"
"2","G3;[32m‚úì[39m [30mFold1: preprocessor 1/1, model 2/8[39m
g"
"2","G3;[34mi[39m [30mFold1: preprocessor 1/1, model 2/8 (extracts)[39m
g"
"2","G3;[34mi[39m [30mFold1: preprocessor 1/1, model 2/8 (predictions)[39m
g"
"2","G3;[34mi[39m [30mFold1: preprocessor 1/1, model 3/8[39m
g"
"2","G3;[33m![39m [33mFold1: preprocessor 1/1, model 3/8: invalid mtry: reset to within valid range[39m
g"
"2","G3;[32m‚úì[39m [30mFold1: preprocessor 1/1, model 3/8[39m
g"
"2","G3;[34mi[39m [30mFold1: preprocessor 1/1, model 3/8 (extracts)[39m
g"
"2","G3;[34mi[39m [30mFold1: preprocessor 1/1, model 3/8 (predictions)[39m
g"
"2","G3;[34mi[39m [30mFold1: preprocessor 1/1, model 4/8[39m
g"
"2","G3;[32m‚úì[39m [30mFold1: preprocessor 1/1, model 4/8[39m
g"
"2","G3;[34mi[39m [30mFold1: preprocessor 1/1, model 4/8 (extracts)[39m
g"
"2","G3;[34mi[39m [30mFold1: preprocessor 1/1, model 4/8 (predictions)[39m
g"
"2","G3;[34mi[39m [30mFold1: preprocessor 1/1, model 5/8[39m
g"
"2","G3;[33m![39m [33mFold1: preprocessor 1/1, model 5/8: invalid mtry: reset to within valid range[39m
g"
"2","G3;[32m‚úì[39m [30mFold1: preprocessor 1/1, model 5/8[39m
g"
"2","G3;[34mi[39m [30mFold1: preprocessor 1/1, model 5/8 (extracts)[39m
g"
"2","G3;[34mi[39m [30mFold1: preprocessor 1/1, model 5/8 (predictions)[39m
g"
"2","G3;[34mi[39m [30mFold1: preprocessor 1/1, model 6/8[39m
g"
"2","G3;[32m‚úì[39m [30mFold1: preprocessor 1/1, model 6/8[39m
g"
"2","G3;[34mi[39m [30mFold1: preprocessor 1/1, model 6/8 (extracts)[39m
g"
"2","G3;[34mi[39m [30mFold1: preprocessor 1/1, model 6/8 (predictions)[39m
g"
"2","G3;[34mi[39m [30mFold1: preprocessor 1/1, model 7/8[39m
g"
"2","G3;[33m![39m [33mFold1: preprocessor 1/1, model 7/8: invalid mtry: reset to within valid range[39m
g"
"2","G3;[32m‚úì[39m [30mFold1: preprocessor 1/1, model 7/8[39m
g"
"2","G3;[34mi[39m [30mFold1: preprocessor 1/1, model 7/8 (extracts)[39m
g"
"2","G3;[34mi[39m [30mFold1: preprocessor 1/1, model 7/8 (predictions)[39m
g"
"2","G3;[34mi[39m [30mFold1: preprocessor 1/1, model 8/8[39m
g"
"2","G3;[32m‚úì[39m [30mFold1: preprocessor 1/1, model 8/8[39m
g"
"2","G3;[34mi[39m [30mFold1: preprocessor 1/1, model 8/8 (extracts)[39m
g"
"2","G3;[34mi[39m [30mFold1: preprocessor 1/1, model 8/8 (predictions)[39m
g"
"2","G3;[34mi[39m [30mFold2: preprocessor 1/1[39m
g"
"2","G3;[32m‚úì[39m [30mFold2: preprocessor 1/1[39m
g"
"2","G3;[34mi[39m [30mFold2: preprocessor 1/1, model 1/8[39m
g"
"2","G3;[33m![39m [33mFold2: preprocessor 1/1, model 1/8: invalid mtry: reset to within valid range[39m
g"
"2","G3;[32m‚úì[39m [30mFold2: preprocessor 1/1, model 1/8[39m
g"
"2","G3;[34mi[39m [30mFold2: preprocessor 1/1, model 1/8 (extracts)[39m
g"
"2","G3;[34mi[39m [30mFold2: preprocessor 1/1, model 1/8 (predictions)[39m
g"
"2","G3;[34mi[39m [30mFold2: preprocessor 1/1, model 2/8[39m
g"
"2","G3;[32m‚úì[39m [30mFold2: preprocessor 1/1, model 2/8[39m
g"
"2","G3;[34mi[39m [30mFold2: preprocessor 1/1, model 2/8 (extracts)[39m
g"
"2","G3;[34mi[39m [30mFold2: preprocessor 1/1, model 2/8 (predictions)[39m
g"
"2","G3;[34mi[39m [30mFold2: preprocessor 1/1, model 3/8[39m
g"
"2","G3;[33m![39m [33mFold2: preprocessor 1/1, model 3/8: invalid mtry: reset to within valid range[39m
g"
"2","G3;[32m‚úì[39m [30mFold2: preprocessor 1/1, model 3/8[39m
g"
"2","G3;[34mi[39m [30mFold2: preprocessor 1/1, model 3/8 (extracts)[39m
g"
"2","G3;[34mi[39m [30mFold2: preprocessor 1/1, model 3/8 (predictions)[39m
g"
"2","G3;[34mi[39m [30mFold2: preprocessor 1/1, model 4/8[39m
g"
"2","G3;[32m‚úì[39m [30mFold2: preprocessor 1/1, model 4/8[39m
g"
"2","G3;[34mi[39m [30mFold2: preprocessor 1/1, model 4/8 (extracts)[39m
g"
"2","G3;[34mi[39m [30mFold2: preprocessor 1/1, model 4/8 (predictions)[39m
g"
"2","G3;[34mi[39m [30mFold2: preprocessor 1/1, model 5/8[39m
g"
"2","G3;[33m![39m [33mFold2: preprocessor 1/1, model 5/8: invalid mtry: reset to within valid range[39m
g"
"2","G3;[32m‚úì[39m [30mFold2: preprocessor 1/1, model 5/8[39m
g"
"2","G3;[34mi[39m [30mFold2: preprocessor 1/1, model 5/8 (extracts)[39m
g"
"2","G3;[34mi[39m [30mFold2: preprocessor 1/1, model 5/8 (predictions)[39m
g"
"2","G3;[34mi[39m [30mFold2: preprocessor 1/1, model 6/8[39m
g"
"2","G3;[32m‚úì[39m [30mFold2: preprocessor 1/1, model 6/8[39m
g"
"2","G3;[34mi[39m [30mFold2: preprocessor 1/1, model 6/8 (extracts)[39m
g"
"2","G3;[34mi[39m [30mFold2: preprocessor 1/1, model 6/8 (predictions)[39m
g"
"2","G3;[34mi[39m [30mFold2: preprocessor 1/1, model 7/8[39m
g"
"2","G3;[33m![39m [33mFold2: preprocessor 1/1, model 7/8: invalid mtry: reset to within valid range[39m
g"
"2","G3;[32m‚úì[39m [30mFold2: preprocessor 1/1, model 7/8[39m
g"
"2","G3;[34mi[39m [30mFold2: preprocessor 1/1, model 7/8 (extracts)[39m
g"
"2","G3;[34mi[39m [30mFold2: preprocessor 1/1, model 7/8 (predictions)[39m
g"
"2","G3;[34mi[39m [30mFold2: preprocessor 1/1, model 8/8[39m
g"
"2","G3;[32m‚úì[39m [30mFold2: preprocessor 1/1, model 8/8[39m
g"
"2","G3;[34mi[39m [30mFold2: preprocessor 1/1, model 8/8 (extracts)[39m
g"
"2","G3;[34mi[39m [30mFold2: preprocessor 1/1, model 8/8 (predictions)[39m
g"
"2","G3;[34mi[39m [30mFold3: preprocessor 1/1[39m
g"
"2","G3;[32m‚úì[39m [30mFold3: preprocessor 1/1[39m
g"
"2","G3;[34mi[39m [30mFold3: preprocessor 1/1, model 1/8[39m
g"
"2","G3;[33m![39m [33mFold3: preprocessor 1/1, model 1/8: invalid mtry: reset to within valid range[39m
g"
"2","G3;[32m‚úì[39m [30mFold3: preprocessor 1/1, model 1/8[39m
g"
"2","G3;[34mi[39m [30mFold3: preprocessor 1/1, model 1/8 (extracts)[39m
g"
"2","G3;[34mi[39m [30mFold3: preprocessor 1/1, model 1/8 (predictions)[39m
g"
"2","G3;[34mi[39m [30mFold3: preprocessor 1/1, model 2/8[39m
g"
"2","G3;[32m‚úì[39m [30mFold3: preprocessor 1/1, model 2/8[39m
g"
"2","G3;[34mi[39m [30mFold3: preprocessor 1/1, model 2/8 (extracts)[39m
g"
"2","G3;[34mi[39m [30mFold3: preprocessor 1/1, model 2/8 (predictions)[39m
g"
"2","G3;[34mi[39m [30mFold3: preprocessor 1/1, model 3/8[39m
g"
"2","G3;[33m![39m [33mFold3: preprocessor 1/1, model 3/8: invalid mtry: reset to within valid range[39m
g"
"2","G3;[32m‚úì[39m [30mFold3: preprocessor 1/1, model 3/8[39m
g"
"2","G3;[34mi[39m [30mFold3: preprocessor 1/1, model 3/8 (extracts)[39m
g"
"2","G3;[34mi[39m [30mFold3: preprocessor 1/1, model 3/8 (predictions)[39m
g"
"2","G3;[34mi[39m [30mFold3: preprocessor 1/1, model 4/8[39m
g"
"2","G3;[32m‚úì[39m [30mFold3: preprocessor 1/1, model 4/8[39m
g"
"2","G3;[34mi[39m [30mFold3: preprocessor 1/1, model 4/8 (extracts)[39m
g"
"2","G3;[34mi[39m [30mFold3: preprocessor 1/1, model 4/8 (predictions)[39m
g"
"2","G3;[34mi[39m [30mFold3: preprocessor 1/1, model 5/8[39m
g"
"2","G3;[33m![39m [33mFold3: preprocessor 1/1, model 5/8: invalid mtry: reset to within valid range[39m
g"
"2","G3;[32m‚úì[39m [30mFold3: preprocessor 1/1, model 5/8[39m
g"
"2","G3;[34mi[39m [30mFold3: preprocessor 1/1, model 5/8 (extracts)[39m
g"
"2","G3;[34mi[39m [30mFold3: preprocessor 1/1, model 5/8 (predictions)[39m
g"
"2","G3;[34mi[39m [30mFold3: preprocessor 1/1, model 6/8[39m
g"
"2","G3;[32m‚úì[39m [30mFold3: preprocessor 1/1, model 6/8[39m
g"
"2","G3;[34mi[39m [30mFold3: preprocessor 1/1, model 6/8 (extracts)[39m
g"
"2","G3;[34mi[39m [30mFold3: preprocessor 1/1, model 6/8 (predictions)[39m
g"
"2","G3;[34mi[39m [30mFold3: preprocessor 1/1, model 7/8[39m
g"
"2","G3;[33m![39m [33mFold3: preprocessor 1/1, model 7/8: invalid mtry: reset to within valid range[39m
g"
"2","G3;[32m‚úì[39m [30mFold3: preprocessor 1/1, model 7/8[39m
g"
"2","G3;[34mi[39m [30mFold3: preprocessor 1/1, model 7/8 (extracts)[39m
g"
"2","G3;[34mi[39m [30mFold3: preprocessor 1/1, model 7/8 (predictions)[39m
g"
"2","G3;[34mi[39m [30mFold3: preprocessor 1/1, model 8/8[39m
g"
"2","G3;[32m‚úì[39m [30mFold3: preprocessor 1/1, model 8/8[39m
g"
"2","G3;[34mi[39m [30mFold3: preprocessor 1/1, model 8/8 (extracts)[39m
g"
"2","G3;[34mi[39m [30mFold3: preprocessor 1/1, model 8/8 (predictions)[39m
g"
"2","G3;[34mi[39m [30mFold4: preprocessor 1/1[39m
g"
"2","G3;[32m‚úì[39m [30mFold4: preprocessor 1/1[39m
g"
"2","G3;[34mi[39m [30mFold4: preprocessor 1/1, model 1/8[39m
g"
"2","G3;[33m![39m [33mFold4: preprocessor 1/1, model 1/8: invalid mtry: reset to within valid range[39m
g"
"2","G3;[32m‚úì[39m [30mFold4: preprocessor 1/1, model 1/8[39m
g"
"2","G3;[34mi[39m [30mFold4: preprocessor 1/1, model 1/8 (extracts)[39m
g"
"2","G3;[34mi[39m [30mFold4: preprocessor 1/1, model 1/8 (predictions)[39m
g"
"2","G3;[34mi[39m [30mFold4: preprocessor 1/1, model 2/8[39m
g"
"2","G3;[32m‚úì[39m [30mFold4: preprocessor 1/1, model 2/8[39m
g"
"2","G3;[34mi[39m [30mFold4: preprocessor 1/1, model 2/8 (extracts)[39m
g"
"2","G3;[34mi[39m [30mFold4: preprocessor 1/1, model 2/8 (predictions)[39m
g"
"2","G3;[34mi[39m [30mFold4: preprocessor 1/1, model 3/8[39m
g"
"2","G3;[33m![39m [33mFold4: preprocessor 1/1, model 3/8: invalid mtry: reset to within valid range[39m
g"
"2","G3;[32m‚úì[39m [30mFold4: preprocessor 1/1, model 3/8[39m
g"
"2","G3;[34mi[39m [30mFold4: preprocessor 1/1, model 3/8 (extracts)[39m
g"
"2","G3;[34mi[39m [30mFold4: preprocessor 1/1, model 3/8 (predictions)[39m
g"
"2","G3;[34mi[39m [30mFold4: preprocessor 1/1, model 4/8[39m
g"
"2","G3;[32m‚úì[39m [30mFold4: preprocessor 1/1, model 4/8[39m
g"
"2","G3;[34mi[39m [30mFold4: preprocessor 1/1, model 4/8 (extracts)[39m
g"
"2","G3;[34mi[39m [30mFold4: preprocessor 1/1, model 4/8 (predictions)[39m
g"
"2","G3;[34mi[39m [30mFold4: preprocessor 1/1, model 5/8[39m
g"
"2","G3;[33m![39m [33mFold4: preprocessor 1/1, model 5/8: invalid mtry: reset to within valid range[39m
g"
"2","G3;[32m‚úì[39m [30mFold4: preprocessor 1/1, model 5/8[39m
g"
"2","G3;[34mi[39m [30mFold4: preprocessor 1/1, model 5/8 (extracts)[39m
g"
"2","G3;[34mi[39m [30mFold4: preprocessor 1/1, model 5/8 (predictions)[39m
g"
"2","G3;[34mi[39m [30mFold4: preprocessor 1/1, model 6/8[39m
g"
"2","G3;[32m‚úì[39m [30mFold4: preprocessor 1/1, model 6/8[39m
g"
"2","G3;[34mi[39m [30mFold4: preprocessor 1/1, model 6/8 (extracts)[39m
g"
"2","G3;[34mi[39m [30mFold4: preprocessor 1/1, model 6/8 (predictions)[39m
g"
"2","G3;[34mi[39m [30mFold4: preprocessor 1/1, model 7/8[39m
g"
"2","G3;[33m![39m [33mFold4: preprocessor 1/1, model 7/8: invalid mtry: reset to within valid range[39m
g"
"2","G3;[32m‚úì[39m [30mFold4: preprocessor 1/1, model 7/8[39m
g"
"2","G3;[34mi[39m [30mFold4: preprocessor 1/1, model 7/8 (extracts)[39m
g"
"2","G3;[34mi[39m [30mFold4: preprocessor 1/1, model 7/8 (predictions)[39m
g"
"2","G3;[34mi[39m [30mFold4: preprocessor 1/1, model 8/8[39m
g"
"2","G3;[32m‚úì[39m [30mFold4: preprocessor 1/1, model 8/8[39m
g"
"2","G3;[34mi[39m [30mFold4: preprocessor 1/1, model 8/8 (extracts)[39m
g"
"2","G3;[34mi[39m [30mFold4: preprocessor 1/1, model 8/8 (predictions)[39m
g"
"2","G3;[34mi[39m [30mFold5: preprocessor 1/1[39m
g"
"2","G3;[32m‚úì[39m [30mFold5: preprocessor 1/1[39m
g"
"2","G3;[34mi[39m [30mFold5: preprocessor 1/1, model 1/8[39m
g"
"2","G3;[33m![39m [33mFold5: preprocessor 1/1, model 1/8: invalid mtry: reset to within valid range[39m
g"
"2","G3;[32m‚úì[39m [30mFold5: preprocessor 1/1, model 1/8[39m
g"
"2","G3;[34mi[39m [30mFold5: preprocessor 1/1, model 1/8 (extracts)[39m
g"
"2","G3;[34mi[39m [30mFold5: preprocessor 1/1, model 1/8 (predictions)[39m
g"
"2","G3;[34mi[39m [30mFold5: preprocessor 1/1, model 2/8[39m
g"
"2","G3;[32m‚úì[39m [30mFold5: preprocessor 1/1, model 2/8[39m
g"
"2","G3;[34mi[39m [30mFold5: preprocessor 1/1, model 2/8 (extracts)[39m
g"
"2","G3;[34mi[39m [30mFold5: preprocessor 1/1, model 2/8 (predictions)[39m
g"
"2","G3;[34mi[39m [30mFold5: preprocessor 1/1, model 3/8[39m
g"
"2","G3;[33m![39m [33mFold5: preprocessor 1/1, model 3/8: invalid mtry: reset to within valid range[39m
g"
"2","G3;[32m‚úì[39m [30mFold5: preprocessor 1/1, model 3/8[39m
g"
"2","G3;[34mi[39m [30mFold5: preprocessor 1/1, model 3/8 (extracts)[39m
g"
"2","G3;[34mi[39m [30mFold5: preprocessor 1/1, model 3/8 (predictions)[39m
g"
"2","G3;[34mi[39m [30mFold5: preprocessor 1/1, model 4/8[39m
g"
"2","G3;[32m‚úì[39m [30mFold5: preprocessor 1/1, model 4/8[39m
g"
"2","G3;[34mi[39m [30mFold5: preprocessor 1/1, model 4/8 (extracts)[39m
g"
"2","G3;[34mi[39m [30mFold5: preprocessor 1/1, model 4/8 (predictions)[39m
g"
"2","G3;[34mi[39m [30mFold5: preprocessor 1/1, model 5/8[39m
g"
"2","G3;[33m![39m [33mFold5: preprocessor 1/1, model 5/8: invalid mtry: reset to within valid range[39m
g"
"2","G3;[32m‚úì[39m [30mFold5: preprocessor 1/1, model 5/8[39m
g"
"2","G3;[34mi[39m [30mFold5: preprocessor 1/1, model 5/8 (extracts)[39m
g"
"2","G3;[34mi[39m [30mFold5: preprocessor 1/1, model 5/8 (predictions)[39m
g"
"2","G3;[34mi[39m [30mFold5: preprocessor 1/1, model 6/8[39m
g"
"2","G3;[32m‚úì[39m [30mFold5: preprocessor 1/1, model 6/8[39m
g"
"2","G3;[34mi[39m [30mFold5: preprocessor 1/1, model 6/8 (extracts)[39m
g"
"2","G3;[34mi[39m [30mFold5: preprocessor 1/1, model 6/8 (predictions)[39m
g"
"2","G3;[34mi[39m [30mFold5: preprocessor 1/1, model 7/8[39m
g"
"2","G3;[33m![39m [33mFold5: preprocessor 1/1, model 7/8: invalid mtry: reset to within valid range[39m
g"
"2","G3;[32m‚úì[39m [30mFold5: preprocessor 1/1, model 7/8[39m
g"
"2","G3;[34mi[39m [30mFold5: preprocessor 1/1, model 7/8 (extracts)[39m
g"
"2","G3;[34mi[39m [30mFold5: preprocessor 1/1, model 7/8 (predictions)[39m
g"
"2","G3;[34mi[39m [30mFold5: preprocessor 1/1, model 8/8[39m
g"
"2","G3;[32m‚úì[39m [30mFold5: preprocessor 1/1, model 8/8[39m
g"
"2","G3;[34mi[39m [30mFold5: preprocessor 1/1, model 8/8 (extracts)[39m
g"
"2","G3;[34mi[39m [30mFold5: preprocessor 1/1, model 8/8 (predictions)[39m
g"
"0","cat(""\nK·∫øt qu·∫£ tinh ch·ªânh Random Forest (5 k·∫øt qu·∫£ t·ªët nh·∫•t theo ROC-AUC):\n"")"
"1","
K·∫øt qu·∫£ tinh ch·ªânh Random Forest (5 k·∫øt qu·∫£ t·ªët nh·∫•t theo ROC-AUC):
"
"0","show_best(rf_tune_results, metric = ""roc_auc"", n = 5) %>% kable(caption = ""Top 5 si√™u tham s·ªë Random Forest"")"
